SUPERFICIE,id,num_puntos,PEND_mean,PEND_stdev,EXPO_mean,SUP_cor_PEND
46.44,0,0,,,,
44.76,1,16,24.300454949692,13.1821516738161,152.215455873456,18.466
16.83,2,6,35.1966279176148,13.8796220927292,289.86114025626,23.581
25.54,3,10,30.5437349405342,10.7698698303974,256.525714580829,17.904
26.26,4,8,26.4324780446372,17.9455168914903,133.510605835861,15.512
20.28,5,7,32.5510752450407,17.381596336717,195.545781594921,23.075
28.27,6,11,28.6636742039438,9.94949586676235,247.073996288237,13.152
